id,timestamp,document,query,processing_time,error,response,desired_output
1,2025-04-07 16:10:09,Immunization,One of my vaccines was exposed to temperature below zero and I would like to determine whether it has been damaged. Is there any test I could do?,4.785,,"Based on the search results, it appears that there is limited information available regarding a specific test to determine if a vaccine has been damaged due to exposure to temperatures below zero. \n\nTypically, vaccines have strict storage requirements to maintain their potency, and exposure to freezing temperatures can potentially damage them. However, without specific guidance from the vaccine manufacturer or a healthcare professional, it difficult to provide a definitive answer.\n\nIt recommended that you consult the vaccine manufacturer guidelines or contact a healthcare professional for advice on how to proceed. They can assess the situation and provide guidance on whether the vaccine is still usable or if it needs to be replaced.",The system should refer the user to the Shake Test. Described on 2.7 The Shake Test.
2,2025-04-07 16:10:20,Immunization,"I need to set up a refrigerator at my health facility to keep my vaccines cool. However, it seems that the refregirator does not work properly. It is connected to the power supply and electricity is stable. I am not sure what the issue might be. Can you advise?",10.775,,"To troubleshoot the issue with your refrigerator, I need to consider a few potential causes. Since the refrigerator is connected to a stable power supply, let look into other possible reasons. \n\n1. **Temperature Settings**: Ensure that the temperature settings are correctly configured for storing vaccines. The ideal temperature range for vaccine storage is between 2\xc2\xb0C and 8\xc2\xb0C.\n\n2. **Door Seals**: Check the door seals for any signs of wear or damage. If the seals are compromised, cold air can escape, causing the refrigerator to work inefficiently.\n\n3. **Overcrowding**: Make sure the refrigerator is not overcrowded, as this can prevent air from circulating properly and affect the cooling performance.\n\n4. **Defrost Mode**: If your refrigerator has an automatic defrost feature, check if it currently in defrost mode. During this mode, the refrigerator won cool.\n\n5. **Faulty Components**: It possible that a component such as the compressor, fan, or thermostat might be faulty. In this case, professional assistance may be required.\n\n6. **User Manual**: Consult the user manual for specific troubleshooting guides related to your refrigerator model.\n\nIf none of these steps resolve the issue, it may be necessary to contact a professional technician for further diagnosis and repair. Remember, maintaining the correct storage conditions is crucial for the efficacy of the vaccines.",The system should suggest the user to check whether there is any access ice or whether the refrigerator has been defrosted.
3,2025-04-07 16:10:23,Immunization,I am administering Japanese encephalitis vaccine in my community. Are there any patient groups that should abstain from vaccination?,2.632,,"To find the correct answer, I will search the local knowledge base for information on the Japanese encephalitis vaccine and patient groups that should abstain from vaccination.\n\n{SEARCH_API: ""Japanese encephalitis vaccine contraindications""} \n\nPlease wait for a moment while I retrieve the information.",The system should bring up the contradictions listed on p.26 and specify the groups of patients who should not get vaccinated.
4,2025-04-07 16:10:29,Immunization,"I am administering Japanese encephalitis vaccine in my community, and I have a couple of patients who suffer from epilepsy. Should I vaccinate them?",6.174,,"To determine whether patients with epilepsy should receive the Japanese encephalitis vaccine, let consider the relevant information. The search results provided are about mumps, which doesn seem directly related to the question about the Japanese encephalitis vaccine and epilepsy. \n\nGenerally, the decision to vaccinate individuals with certain medical conditions, such as epilepsy, depends on the specific vaccine, the severity of the condition, and the potential risks and benefits of vaccination. For the Japanese encephalitis vaccine, it essential to consult the vaccine guidelines and recommendations from reputable health organizations.\n\nWithout specific information on the Japanese encephalitis vaccine and its administration guidelines for individuals with epilepsy, I cannot provide a definitive answer. It recommended to consult the latest guidelines from health authorities or the vaccine manufacturer, or to seek advice from a healthcare professional who can assess the individual circumstances of the patients.","The system should say \no\"" and bring up the information from p.26."""
5,2025-04-07 16:10:31,Immunization,"I work for our country's immunization program. How can I find out which district or community should start first? (simple language, specific question)",2.361,,"To determine which district or community should start first, you can consider the following factors: disease prevalence, population density, and existing healthcare infrastructure. However, I would like to search for more specific information. {{search(""Community meetings"" AND ""immunization program prioritization"")}}",Section 4.2 Identifying priority health centres and communities
6,2025-04-07 16:10:44,Immunization,"Our community has 15000 people, but the only vaccinator is me! How to manage the following session task? (simple, general)",12.807,,"To manage the vaccination session task for your community of 15,000 people with only one vaccinator, which is you, consider the following steps:\n\n1. **Prioritize**: Identify high-risk groups such as the elderly, young children, and individuals with chronic conditions. These groups should be vaccinated first due to their increased vulnerability to severe outcomes from vaccine-preventable diseases.\n\n2. **Schedule**: Create a scheduling system to organize the vaccination process. This could involve setting up specific days or times for different age groups or segments of the population. Utilize time slots to ensure a steady flow of people without overcrowding.\n\n3. **Pre-Vaccination Registration**: Implement a pre-registration process where individuals can sign up for a vaccination slot in advance. This can help in managing the crowd and ensuring that the right number of vaccine doses are available for each session.\n\n4. **Vaccination Site Optimization**: Ensure the vaccination site is easily accessible, well-ventilated, and has enough space for social distancing. Consider setting up multiple stations for registration, vaccine administration, and post-vaccination observation to streamline the process.\n\n5. **Seek Additional Resources**: Reach out to local health authorities or organizations for assistance. They might be able to provide additional vaccinators, volunteers to help with the administrative tasks, or guidance on how to manage such a large-scale operation.\n\n6. **Communication**: Keep the community well-informed about the vaccination schedule, process, and any requirements (like pre-registration or specific documentation needed) through local media, community centers, or social media platforms.\n\n7. **Efficient Vaccine Handling**: Ensure that vaccine storage, handling, and administration are done according to the guidelines provided by health authorities to maintain vaccine potency and safety.\n\nGiven the enormity of the task, leveraging technology for scheduling, communication, and data management can significantly ease the burden. However, the specific strategies should be tailored to the community needs, available resources, and local guidelines.",Section 4.5 Making a session plan p.(4)18 How to choose session frequency
7,2025-04-07 16:10:54,Immunization,"As a pediatric vaccine provider, I frequently encounter parental hesitancy and mistrust towards childhood vaccinations. What are effective strategies to communicate with them to address these concerns? (complex, general)",9.360,,"To address parental hesitancy and mistrust towards childhood vaccinations, several effective strategies can be employed. Firstly, it crucial to establish a trusting relationship with the parents, listening to their concerns and addressing them in a clear, empathetic manner. Providing accurate, evidence-based information about the vaccines, including their benefits and risks, can help alleviate fears and misconceptions. \n\nAdditionally, using simple, straightforward language and avoiding technical jargon can make the information more accessible and understandable for parents. It also important to be transparent about the potential side effects of vaccines and the measures in place to ensure vaccine safety.\n\nAnother strategy is to share personal stories or experiences of the positive impact of vaccinations, as well as highlighting the importance of herd immunity in protecting vulnerable members of the community. Furthermore, respecting the parents autonomy and involving them in the decision-making process can help build trust and increase the likelihood of vaccine acceptance.\n\nLastly, staying up-to-date with the latest research and recommendations from reputable health organizations, such as the Centers for Disease Control and Prevention (CDC) and the World Health Organization (WHO), can provide a solid foundation for addressing parental concerns and promoting vaccine confidence.\n\nBy implementing these strategies, pediatric vaccine providers can effectively communicate with parents, address their concerns, and promote a positive and supportive environment for childhood vaccinations.",Section 5.2 Communicating with caregivers Section 7.7 Address resistant groups
8,2025-04-07 16:10:58,Immunization,"How can the validity of a batch of vials with complete labeling, excluding expiration dates, be verified? (complex, specific)",4.139,,"To verify the validity of a batch of vials with complete labeling, excluding expiration dates, you would typically need to check the batch number and other identifying information against the manufacturer records or a database that tracks batch details. This could involve contacting the manufacturer directly or checking their official website for batch verification tools. Additionally, regulatory agencies or pharmaceutical databases might offer resources to verify the authenticity and validity of pharmaceutical products. However, without specific details about the vials in question, such as the manufacturer or the product name, it challenging to provide a precise method for verification.",Section 5.1.4 Pack required vaccines and safe injection supplies p.(5)7
9,2025-04-07 16:11:03,Immunization,"Can I give a child Yellow fever vaccine if he/she is infected by HIV? (simple, specific)",4.938,,"The search results provided are about how measles is spread, which is not relevant to the question about the Yellow fever vaccine and HIV infection. \n\nTo answer the user question: Generally, individuals with HIV infection may receive certain vaccines, but the decision to administer a specific vaccine, such as the Yellow fever vaccine, depends on the individual immune status and other factors. It recommended to consult a healthcare professional for personalized advice on vaccinations for a child with HIV. They can assess the child condition and provide guidance on the safety and potential benefits of the Yellow fever vaccine.",Section 5.3.2 Assess possible contraindications p.(5)15 Table 5.1 Recommendations for immunization of HIV-infected children
10,2025-04-07 16:11:07,Immunization,"can i use alchol to clean skin befor injecting vaccine? using AD syringe (simple, specific, poorly-structured)",3.966,,"It generally not recommended to use alcohol to clean the skin before injecting a vaccine, especially with an AD (auto-disable) syringe. According to the search results on Hib disease prevention, the standard practice is to use a sterile technique and clean the skin with a sterile solution, such as saline or a sterile wipe, to minimize the risk of infection. Using alcohol may not be sufficient to sterilize the skin and could potentially cause irritation or other adverse reactions. It best to follow the recommended guidelines for vaccine administration to ensure safety and effectiveness.",Section 5.4.7 Good injection technique p.(5)23
11,2025-04-07 16:11:10,Immunization,"How to calculate the vaccine usage rate for a vaccination period? (simple, specific)",3.433,,"To calculate the vaccine usage rate for a vaccination period, you need to know the total number of vaccine doses administered and the total number of vaccine doses available during that period. The formula is: \n\nVaccine Usage Rate = (Total Doses Administered / Total Doses Available) * 100\n\nThis will give you the percentage of vaccine doses used during the vaccination period.",Section 6.3.4 Additional information p.(6)29
12,2025-04-07 16:11:15,Immunization,"In the absence of a designated safety box, what are the appropriate protocols for the disposal of vaccine-related waste materials? (complex, general)",4.762,,"In the absence of a designated safety box, the appropriate protocols for the disposal of vaccine-related waste materials, including those related to HPV (Human Papillomavirus) vaccines, typically involve following standard biohazard waste disposal guidelines. This usually includes disposing of needles, syringes, and other sharps in a puncture-resistant container, and other potentially contaminated materials (like vaccine vials or packaging) in a biohazard bag. These materials should then be handled and disposed of according to local regulations and healthcare facility policies regarding biohazardous waste. It important to consult specific guidelines from health authorities or facility protocols for the most accurate and up-to-date information.",Section 3.3.2 Safety boxes p.(3)15
